0	Ebola Update Woman die New York test negative Ebola Read
1	Buying go directly fight Ebola Watch video includes …
2	The medium furiously cover Ebola midterm
3	My friend dress work like gon meet ebola shit hahah
4	Photo Day A ship land Sierra Leone full supply help eradicate Ebola Photo Michael Duff …
5	CDC chief drop worstcase Ebola estimate
6	PAY IS OVER ITS OVER Twimbos hearing someone party Ebola FreeTwitterFarewellParty …
7	How Robots Could Help Beat Ebola My interview NPR Health
8	Please CNN take picture Sikh airport ebola article Thanks
9	I hear school ebola yeet bruhh whats 9 10 21 ebola taco anaconda ebola bout week ago a…
